AudioBook_ID,Book_Title,Book_Description,Book_Detail,Book_Summary,Book_Language,Book_Country,Book_Author,Book_Translator,Book_Narrator,Book_Director,Book_Producer,Book_SoundEngineer,Book_Effector,Book_Actors,Book_Genre,Book_Category,Book_Duration,Episode_Count,Cover_Image_URL,Player_Link,FullBook_MP3_URL,All_MP3s_Found
674800,بیست هزار فرسنگ زیر دریا,داستان از زبان پروفسور آرونا روایت می‌‏شود؛ دانشمندی فرانسوی که برای مطالعه، به آمریکا آمده است.,"درباره‌ی کتاباواسط قرن نوزدهم میلادی است و وجود جسمی عجیب در دریا همه را متحیر کرده است. پروفسور گمان می‌‎کند این جسم عجیب نوعی وال است. او برای شکار وال، همراه ناو مجهز جنگی، به دریا می‌‏رود، اما دراثر حادثه‌‏ای، اسیر زیردریایی ناتیلوس می‌‏شود. او متوجه می‌‏شود آن جسم عجیب زیردریایی فوق‌پیشرفته‏‌ی ناتیلوس بوده که توسط مردی موموز و باهوش به نام «ناخدا نمو» ساخته شده است.درباره‌ی نویسنده«ژول ورن» (Jules Verne)، نویسنده‌ی کتاب دور دنیا در هشتاد روز، هشتم فوریه 1828 در شهر نانت فرانسه به دنیا آمد. ژول ورن نویسندگی را از جوانی آغاز کرد، اما در نخستین تلاش خود شکست خورد. پس از مدّتی وارد عرصه‌ی نمایش و نمایش‌‌نامه‌‌نویسی شد. او که مرد بلندپروازی بود، به رمان‌نویسی روآورد. ورن با ذهن خلّاق و تخیل قوی خود، رمان‌هایی علمی-‌‌تخیلی، اما آمیخته با واقعیت، را به رشته‌‌ی تحریر درآورد.نخستین رمان ژول ورن به نام «پنج هفته در بالن» با اقبال بسیار روبه‌‌رو شد و ثروت بسیاری برای ورن به ارمغان آورد. ژول ورن کتاب «دور دنیا در هشتاد روز» را در سال 1873 به چاپ رساند. از دیگر کتاب‌های ژول ورن می‌توان به «جزیره اسرارآمیز»، «بیست هزار فرسنگ زیر دریا» و« سفر به مرکز زمین» اشاره کرد.*کتاب:Vingt mille lieues sous les mersTwenty Thousand Leagues Under the SeaOriginally published: June 20, 1870Author: Jules VerneGenres: Novel, Science fiction, Adventure fiction, Speculative fiction, Scientific romanceCharacters: Captain Nemo, Pierre Aronnax, Ned Land, Conseil, Farragut, NemoFollowed by: Around the Moon, A Winter Amid the Ice, Out of Times AbyssIllustrator: Alphonse de Neuville and Édouard Riou",,فارسی,,ژول ورن,مهشید دشتی,همت مومیوند,مریم بلدی,ویدا بابالو,مریم بلدی,,,ادبیات فرانسه، رمان علمی تخیلی، رمان ماجراجویانه، داستان علمی تخیلی، رمان های كلاسیك، زیردریایی، اعماق دریا، كاپیتان نمو، ناتیلوس,کتاب گویا,,,http://player.iranseda.ir/picture?AttID=521584&s=c,https://player.iranseda.ir/book-player/?VALID=TRUE&g=674800&attid=521584,https://player.iranseda.ir/downloadfile/?attid=528988&q=11,"https://player.iranseda.ir/downloadfile/?attid=528658&q=11,https://player.iranseda.ir/downloadfile/?attid=528988&q=11,https://player.iranseda.ir/downloadfile/?attid=528659&q=11,https://player.iranseda.ir/downloadfile/?attid=528660&q=11,https://player.iranseda.ir/downloadfile/?attid=528661&q=11,https://player.iranseda.ir/downloadfile/?attid=528662&q=11,https://player.iranseda.ir/downloadfile/?attid=528663&q=11,https://player.iranseda.ir/downloadfile/?attid=528664&q=11"
469875,دیوار چین,«دیوار چین» با نام اصلی گرفتاری‌های یک مرد چینی در چین رمانی نوشته ژول ورن نمایشنامه‌نویس و رمان‌نویس معروف فرانسوی است که نخستین بار در سال 1879 توسط انتشارات پیر-ژول اتزل در فرانسه منتشر شد.,«دیوار چین» یکی از شاهکارترین آثار ژول ورن می‌باشد. اثری قدیمی که بین چهل تا پنجاه سال از چاپ آن می‌گذرد. ماجرا از این قرار است که بازرگانی چینی به نام کین فو که ثروت فراوانی اندوخته و در کنار استادش روزگار می‌گذراند، در آستانه چهل سالگی بر آن است تا با زنی ازدواج کند؛ اما در همین هنگام ورشکست می‌شود و در پی آن تمام ثروتش را از دست می‌دهد. کین فو که از همه جا ناامید شده‌است تصمیم می‌گیرد ابتدا خود را بیمه و سپس خودکشی کند تا از این رهگذر، آینده همسر و استادش تأمین شود؛ ولی جرئت این کار را ندارد. به همین خاطر به دستیارش، آقای «وانگ» نامه‌ای می‌نویسد و از او می‌خواهد که در یک روز مشخص، او را بکشد. چند روز بعد آقای وانگ به‌طور مرموزی ناپدید می‌شود...این داستان یکی دیگر از رمان‌های ماجراجویانه سنتی ژول ورن و مشابه به سبک کتاب معروف تر این نویسنده، دور دنیا در هشتاد روز می‌باشد. هر چند که کتاب «دیوار چین»، از طنز بیشتری برخوردار است و همچنین مسائلی مانند تجارت تریاکِ بریتانیا در چین را مورد نقد و انتقاد قرار می‌دهد.,,فارسی,,ژول ورن,سمیه كشوری,علی همت مومیوند,ویدا بابالو,ویدا بابالو,محبوبه روزبهانی,,,چین، كشتی، جنازه، ثروت، سرمایه، ورشكستگی، ثروتمند چینی، دوستی، بازرگان، كلاسیك، خودكشی، كتاب نایاب، تجارت، ازدواج,رمان و داستان,,,http://player.iranseda.ir/picture?AttID=378658&s=c,https://player.iranseda.ir/book-player/?VALID=TRUE&g=469875&attid=378658,https://player.iranseda.ir/downloadfile/?attid=378221&q=11,"https://player.iranseda.ir/downloadfile/?attid=378081&q=11,https://player.iranseda.ir/downloadfile/?attid=378221&q=11,https://player.iranseda.ir/downloadfile/?attid=378194&q=11,https://player.iranseda.ir/downloadfile/?attid=378195&q=11,https://player.iranseda.ir/downloadfile/?attid=378196&q=11,https://player.iranseda.ir/downloadfile/?attid=378197&q=11"
150669,رودخانه ی وارونه,«تومک» نوجوانی است که در یک روستا مغازه ی بقالی دارد. او آرزو دارد دلتنگی هایش را با سفر به دور دنیا کمتر کند؛ روزی «هانا» دختری نوجوان به فروشگاه او می آید تا از تومک آب نبات بخرد. تومک عاشق دختر می شود و ....,«هانا» به تومک می گوید رودخانه ای به نام «رودخانه ی وارونه» وجود دارد که هر کسی از آب آن بنوشد، عمرش جاودانه می شود. تومک که علاقه دارد تا دنیا را ببیند و از طرفی عاشق دختر نیز شده است، تصمیم می گیرد تا از پیله ی تنهایی اش بیرون بیاید و دنیا را کشف کند. او درحقیقت در جست وجوی هانا که کسی او را ندیده است و معلوم نیست اصلا وجود داشته است یا نه، راهی یک سفر پرماجرا می شود. مراحل مختلف و جاهای عجیبی مثل جنگل فراموشی، کوه مقدس و جزیره ی غیر واقعی را در مسیر سفرش تجربه می کند؛ تا اینکه به رودخانه ی وارونه می رسد. اکنون قصد دارد تا از آب جاویدان آن بنوشد، اما....«رودخانه وارونه» با بیشتر رمان های فانتزی نوجوانان، ویژگی های مشترکی دارد. قهرمان داستان در مسیر سفر پرماجرا و پرهیجانش، با عبور از مراحل بسیار سخت، پخته تر و باتجربه تر می شود. سفر و مسیر آن یک تم کلیشه ای، اما اساسی در این گونه رمان هاست. در سفر حقیقی است که نه مبدأ اهمیت دارد و نه مقصد؛ بلکه این مسیر و طول سفر است که انسان را با حقیقت وجودی اش بیشتر آشنا می کند. رودخانه ی وارونه را بشنوید و از آن لذت ببرید.,,فارسی,,ژان کلود مورلوا,ژان كلود مورلوا,امیر منوچهری,,آسیه حیدری شاهی سرایی,کامیار سریع القلم,,,جاودانی، جنگل فراموشی، رنگین كمان، سنجاب میوه، كلمات بیداری، عیدانه، ادبیات معاصر فرانسه، ادبیات فانتزی نوجوانان,رمان و داستان,,,http://player.iranseda.ir/picture?AttID=193911&s=c,https://player.iranseda.ir/book-player/?VALID=TRUE&g=150669&attid=193911,https://player.iranseda.ir/downloadfile/?attid=197470&q=11,"https://player.iranseda.ir/downloadfile/?attid=126337&q=11,https://player.iranseda.ir/downloadfile/?attid=129250&q=11,https://player.iranseda.ir/downloadfile/?attid=197470&q=11,https://player.iranseda.ir/downloadfile/?attid=126338&q=11,https://player.iranseda.ir/downloadfile/?attid=129246&q=11,https://player.iranseda.ir/downloadfile/?attid=129247&q=11,https://player.iranseda.ir/downloadfile/?attid=129249&q=11,https://player.iranseda.ir/downloadfile/?attid=129251&q=11,https://player.iranseda.ir/downloadfile/?attid=126345&q=11,https://player.iranseda.ir/downloadfile/?attid=126346&q=11,https://player.iranseda.ir/downloadfile/?attid=126347&q=11,https://player.iranseda.ir/downloadfile/?attid=129252&q=11,https://player.iranseda.ir/downloadfile/?attid=126349&q=11"
414110,شوالیه ای با زره زنگ زده,در روزگاران گذشته، در سرزمین‎‌های دور، شوالیه‌ای زندگی می‌کرد که خود را خوب، سخاوتمند و مهربان می‌پنداشت و همه‌ی وظایف یک جنگ‌جوی شایسته را، همچون دیگر سلحشوران، انجام می‌داد. وی هرگز زره‌اش را از تن بیرون نمی‌آورد؛ تا اینکه ....,شوالیه‌‌ای وسواسی نقش اول این ماجراست که در هیچ شرایطی زره‌اش را از تنش بیرون نمی‌آورد. او با خانواده‌اش هم به‌نوعی قطع ارتباط کرده و در زره‌اش مانده است.شوالیه روزی متوجه می‌شود که نمی‌تواند از زره‌اش بیرون بیاید و حتی نمی‌تواند دستش را درون زره حرکت دهد، یا نقاب زره‌اش را بالا بدهد و غذا بخورد. او برای این اتفاق دنبال راه‌حل است، تا اینکه متوجه می‌شود جادوگر مرلین می‌تواند او را نجات دهد. پس شوالیه برای پیداکردن جادوگر مرلین راهیِ سفر می‌شود و ....,,فارسی,,رابرت فیشر,علیرضا مرسلی,علی‌همت مومیوند,میثم جزی,مهرنوش محتشمی,,,,خودشناسی، بی توقعی، رهایی از نفس، اژدهای نفس، آگاهی، قصر، جادوگر، خودخواهی، ترس,رمان و داستان,,,http://player.iranseda.ir/picture?AttID=322646&s=c,https://player.iranseda.ir/book-player/?VALID=TRUE&g=414110&attid=322646,https://player.iranseda.ir/downloadfile/?attid=323559&q=11,"https://player.iranseda.ir/downloadfile/?attid=320715&q=11,https://player.iranseda.ir/downloadfile/?attid=323559&q=11,https://player.iranseda.ir/downloadfile/?attid=320587&q=11,https://player.iranseda.ir/downloadfile/?attid=320618&q=11,https://player.iranseda.ir/downloadfile/?attid=320620&q=11"
456710,کتابخانه شبانه,«نورا» که دختری 35ساله و باهوش، اما ناکام و افسرده است، با خودکشی پا به کتابخانه‌ی شبانه گذاشته و زندگی‌های متفاوتی را با گشوندن هر کتاب تجربه می‌کند و در این مسیر با تجربه‌هایی که به دست می‌آورد، به سمت تکامل حرکت می‌کند.,"درباره‌ی کتاب [ترجمه اختصاصی ایرانصدا]«کتابخانه‌ی شبانه» داستان زنی حدوداً سی‌وپنج ساله به اسم «نورا» است. نورا به‌علت پشیمانی‌های زیاد در زندگی افسردگی می‌گیرد. تنهایی، شرایط محیط اطراف و ازدست‌دادن شغلش، دست‌به‌دست هم می‌دهند تا خودکشی کند.نورا پس از خودکشی وارد کتابخانه‌ای مرموز می‌شود. متصدی کتابخانه، خانم الم، کتاب‌دار زمان دبیرستان نوراست و به‌عنوان راهنما به او کمک می‌کند. نورا در کتابخانه، زندگی‌های گوناگونی را تجربه می‌کند؛ اما به نظر می‌رسد هیچ‌کدام زندگی آرمانی‌اش نیست.اما این کتابخانه کجاست؟ نورا سرانجام کدام زندگی را برمی‌گزیند؟درباره‌ی نویسندهروزنامه‌نگار و نویسنده بریتانیایی، «مت هیگ / Matt Haig» جولای 1975 در شهر شفیلد متولد شد. وی در 24سالگی به افسردگی شدیدی مبتلا گشت که سال‌ها زیرنظر پزشک قرار داشت و درنهایت توانست بیماری‌اش را شکست دهد.مت از شیوه‌‌ی مقابله‌اش در برابر این بیماری در کتاب حاضر سخن می‌گوید. او که مؤلف آثار برجسته‌ای همچون «چگونه زمان را متوقف کنیم؟» و «انسان‌ها» است، یکی از موفق‌ترین و پرفروش‌ترین نویسندگان نیویورک تایمز و آمازون به حساب می‌آید.*کتاب:The Midnight LibraryOriginally published: August 13, 2020Author: Matt HaigGenres: Science fiction, Fantasy Fiction, Philosophical fiction* این اثر برای اولین‌بار در پایگاه کتاب گویای ایرانصدا ترجمه و در قالب کتاب گویا تولید شده است.",,فارسی,,مت هیگ,زهره شادلو,نسرین كوچك خانی,مریم بلدی,حسین خدادی,فاطمه جلالی,,,كتاب، كتابخانه، كتابخوانی، كتابدار، مدرسه، شطرنج، امتحانات، سرباز، تحقیقات، خرس قطبی، عكس، شهاب سنگ، گیتاریست، تصادف,رمان و داستان,,,http://player.iranseda.ir/picture?AttID=372890&s=c,https://player.iranseda.ir/book-player/?VALID=TRUE&g=456710&attid=372890,https://player.iranseda.ir/downloadfile/?attid=372617&q=11,"https://player.iranseda.ir/downloadfile/?attid=371475&q=11,https://player.iranseda.ir/downloadfile/?attid=372617&q=11,https://player.iranseda.ir/downloadfile/?attid=375834&q=11,https://player.iranseda.ir/downloadfile/?attid=372613&q=11,https://player.iranseda.ir/downloadfile/?attid=372614&q=11,https://player.iranseda.ir/downloadfile/?attid=371489&q=11,https://player.iranseda.ir/downloadfile/?attid=371490&q=11,https://player.iranseda.ir/downloadfile/?attid=372615&q=11,https://player.iranseda.ir/downloadfile/?attid=372616&q=11,https://player.iranseda.ir/downloadfile/?attid=371493&q=11"
655578,آرزوهای بزرگ,رمان «آرزوهای بزرگ» به‌صورت داستان دنباله‌دار، از دسامبر 1860 تا اوت 1861، در یک هفته‌نامه به چاپ رسید، اما در اکتبر 1861 انتشارات چپمن و هال رمان کامل را در سه جلد منتشر کرد.,"درباره‌ی کتابپیپ با خواهری بدخلق و سخت‌گیر و شوهرخواهرش، جو گارجری، آهنگری مهربان و نرم‌خو، زندگی می‌کند. پیپ روزی به گورستان می‌رود و با زندانی‌ای فراری به نام «آبل مگویچ» روبه‌رو می‌شود. زندانی پیپ را تهدید می‌کند و از او می‌خواهد تا برایش غذا و سوهانی برای رهایی از غل و زنجیرِ دست و پایش بیاورد. پیپ هم از ترس، کاری را که زندانی خواسته انجام می‌دهد، اما زندانی فراری توسط مأموران دستگیر می‌شود.درباره‌ی نویسنده«چارلز دیکنز» برجسته‌ترین رمان‌نویس انگلیسی عصر ویکتوریا و یک فعال اجتماعی توانمند بود. او را به‌سبب داستان‌سرایی، نثر توانمند و خلق شخصیت‌های به‌‌یادماندنی، بسیار تحسین کرده‌اند. دیکنز در طول زندگی خویش، محبوبیت جهانی بسیاری کسب کرد.او نیز مانند بسیاری از رمان‌نویسان مشهور، نوشتن را با روزنامه‌نگاری آغاز کرد و توانست از دنیای واقعیت به دنیای خیال برسد. کار دیکنز در مقام گزارشگر مذاکرات پارلمانی، به وی سرعت و دقت آموخت. او هرگز از روزنامه‌نگاری دست برنداشت و همواره سردبیر مجلات مختلف بود و مقاله‌هایی برای روزنامه‌ها می‌نوشت.* کتاب:Great ExpectationsOriginally published: August 1861Author: Charles DickensCharacters: Miss Havisham, Pip, Estella, Abel MagwitchGenre: Novel, BildungsromanPages: 544 (first edition 1861)Set in: Kent and London, early to mid-19th century",,فارسی,,چارلز دیکنز,مریم تاجیك,,میکائیل شهرستانی,محمد مهاجر,علی حاجی نوروزی,نرگس موسی پور,راضیه مومیوند، كرامت رودساز، فریبا طاهری، اسماعیل بختیاری، مجتبی طباطبایی، امین بختیاری، مسعود زنوزی راد,ادبیات انگلستان، رمان نویس، عصر ویكتوریایی، زندگینامه خودنوشت، خانم هاویشام، هاویشام، رمان تربیتی، رمان بیلدونگسرمان، انتخاب شما,کتاب گویا,,,http://player.iranseda.ir/picture?AttID=507141&s=c,https://player.iranseda.ir/book-player/?VALID=TRUE&g=655578&attid=507141,https://player.iranseda.ir/downloadfile/?attid=518719&q=11,"https://player.iranseda.ir/downloadfile/?attid=518746&q=11,https://player.iranseda.ir/downloadfile/?attid=518719&q=11,https://player.iranseda.ir/downloadfile/?attid=505795&q=11,https://player.iranseda.ir/downloadfile/?attid=518544&q=11,https://player.iranseda.ir/downloadfile/?attid=518558&q=11,https://player.iranseda.ir/downloadfile/?attid=518560&q=11,https://player.iranseda.ir/downloadfile/?attid=518561&q=11,https://player.iranseda.ir/downloadfile/?attid=518564&q=11,https://player.iranseda.ir/downloadfile/?attid=518565&q=11"
157745,جنایت و مکافات,دانشجویی به نام راسکولْنیکُف، بنابر انگیزه‌های پیچیده‌ای که حتی خود او از تحلیلشان عاجز است، مرتکب قتل می شود. او زن رباخواری را همراه با خواهرش که غیرمنتظره به هنگام وقوع قتل سررسیده بود،  با تبر کشت و پس از قتل ...,غروب یکی از روزهای اوایل ژانویه راسکلنیکف، دانشجوی حقوق، از خانه خود در پترزبورگ پا به کوچه گذاشت. خوشبختانه وقتی از پله‌های ساختمانی که اتاقکی در آن اجاره کرده بود پایین می‌آمد صاحبخانه‌اش او را ندید. چون ماه‌ها بود که اجاره‌اش را نداده بود.راسکلنیکف به خانه پیرزنی نزولخوار به نام آلیونا ایوانوونا می‌رفت تا گرویی بدهد و پولی بگیرد. راسکلنیکف چشمانی زیبا و پررنگ، موهایی خرمایی، قدی بلند و اندامی باریک داشت. دو روز بود که چیزی نخورده بود. لباسش آنقدر کهنه بود که روزها خجالت می‌کشید بیرون برود. راه زیاد دور نبود. بارها قدم‌هایش را تا خانه پیرزن شمرده بود. ساکنان آن ساختمان که سه چهار دربان داشت، کارمندها و کارگرهای مختلف بودند. راسکلنیکف هیچ کدام از دربان‌ها را ندید. همسایۀ پیر‌زن در طبقۀ‌ چهارم داشت اسباب‌کشی می‌کرد و فقط پیرزن در طبقۀ چهارم زندگی می‌کرد. فکر کرد: پس فرصت خوبی است. زنگ زد. پیرزن با شک و تردید از لای در نیمه باز او را ورانداز کرد؛ ولی وقتی در پاگرد، باربرها را دید، در را کامل باز کرد و راسکلنیکف وارد آپارتمان شد و ...,,فارسی,,فئودور داستایفسکی,مجتبی گلستانی,بهروز رضوی,,,,,,آثار داستایوفسكی، عذاب وجدان، گناه قتل، داستان روسی، رباخواری، قتل، داستان های شنیدنی,رمان و داستان,,,http://player.iranseda.ir/picture?AttID=132531&s=c,https://player.iranseda.ir/book-player/?VALID=TRUE&g=157745&attid=132531,https://player.iranseda.ir/downloadfile/?attid=132198&q=11,"https://player.iranseda.ir/downloadfile/?attid=132205&q=11,https://player.iranseda.ir/downloadfile/?attid=132198&q=11,https://player.iranseda.ir/downloadfile/?attid=131856&q=11,https://player.iranseda.ir/downloadfile/?attid=131784&q=11,https://player.iranseda.ir/downloadfile/?attid=131785&q=11,https://player.iranseda.ir/downloadfile/?attid=131786&q=11,https://player.iranseda.ir/downloadfile/?attid=131787&q=11,https://player.iranseda.ir/downloadfile/?attid=131788&q=11,https://player.iranseda.ir/downloadfile/?attid=131789&q=11"
71089,مرد لندن,لویی مالووان، سوزن‌بان ایستگاه دریایی، مردی زحمت‌کش است. او خود را به اداره‌ی پلیس معرفی و ادعا می‌کند که بزرگ‌ترین آکروبات‌باز لندن، یعنی بران، که دزد معروف انگلیسی است، را به قتل رسانده است.,صحنه را بازسازی می‌کنند و به‌دنبال یافتن حقیقت این قتل می‌گردند. مالووان با همسر مقتول مواجه می‌شود و در کمال ناباوری متوجه می‌شود که او می‌دانسته همسرش یک دزد بزرگ است، اما هرگز به کسی چیزی نگفته است. حالا مالووان چندروز قبل از حادثه را مرور می‌کند؛ از همان روزی که از پشت پنجره‌ی اتاقک سوزن‌بانی بندر پُرمه را می‌بیند؛ آنجا که بران همراه با تدی چمدانی در دست دارند و ناگهان ...*ژرژ در سال‌های 1908 تا 1914 در مدرسه سن آندره تحصیل کرد و با آغاز جنگ جهانی اول در سال 1914 به کالج سن‌لویی رفت که دبیرستانی تحت نظارت ژزوئیت‌ها بود. تا پیش از سال 1918 مشاغل مختلفی از جمله شاگردی در کتاب‌فروشی را تجربه کرد؛ اما در ژانویه آن سال در پی بیماری پدرش، ترک تحصیل کرد و در نشریه‌ی گازت دولیژ به‌عنوان خبرنگار مشغول کار شد. این شغل به او امکان داد با گروه‌ها و طبقات مختلف مردم ازجمله افرادی که در هتل‌های ارزان‌قیمت اقامت داشتند و وقت‌شان در نوش‌گاه‌ها سپری می‌شد و گهگاه گذارشان به ادره پلیس می افتاد، سروکار پیدا کند و با منش و رفتار آنها به‌خوبی آشنا شود. این آشنایی بعدها که نویسندگی حرفه‌ی اصلی‌اش شد، بسیار به‌کار آمد. کار در گازت که روزنامه‌ای پرتیراژ و عامه‌پسند بود، باعث شد تا مهارت‌های تندنویسی و ویرایش سریع متون نوشتاری را به‌خوبی فرابگیرد. عادت تندنویسی تا پایان کار حرفه‌ای‌اش با او ماند؛ به نحوی که می‌توانست یک رمان کامل را تنها در سه ساعت بنویسد و آماده‌ی چاپ کند! در دوران کار در گازت بیش از 150 مقاله با نام قلمی G.Sim نوشت و در فاصله‌ی سال‌های 1919 تا 1922 بیش از 800 قطعه‌ی فکاهی با نام «مسیو لکوک» به چاپ رساند.آثار او شامل بیش از 200 رمان، 150 رمان کوتاه، یک سناریو برای باله، چندین جلد زندگی‌نامه (که نخستین آنها با عنوان خاطرات خودمانی در 1981 منتشر شد)، مقاله‌های بی‌شمار و تعداد زیادی رمان عامه‌پسند است که آنها را صرفاً برای کسب درآمد و با نام های مستعار نوشته است؛ اما شهرت وی به واسطه‌ی 75 رمان و 28 داستان کوتاهی است که کمیسر مگره قهرمان آنهاست. نخستین این رمان‌ها با نام مسافری که با ستاره‌ی شمال آمد (Pietr Le Letton) در سال 1931 و آخرین آنها مگره و مسیو چارلز به چاپ رسیدند.1931 - مرحوم آقای گالهمگره می‌ترسد، ترجمه کاظم اسماعیلیسایه گیوتین، ترجمه کاوه میرعباسیمگره و مرد خانه به دوش، ترجمه کاظم اسماعیلیمرگ مرموز در کلیسای پرونده سنت فیاکرهویت نامعلوم1933 - خانه کانال1936 - دختر خانم‌های کونکارنو1938 مردی که گذر قطارها را می‌نگریست1940 - بیگانگان در خانه1944 - تحقیقات تازه مگره1947 - برف کثیف بود1950 - کرکره‌های بز1956 - زمان بدبختی1957 - دلواپسی‌های مگره، ترجمه عباس آگاهیتردید مگره، ترجمه عباس آگاهیمگره و شاهدان خاموش، ترجمه کاظم اسماعیلیشکیبایی مگره، ترجمه فرزاد فربدمگره از خود دفاع می‌کند، ترجمه عباس آگاهیکارآگاه در کاباره، ترجمه حسن پویانشبی در چهارراه، ترجمه کریم کشاورزدیوانه‌ای در شهر، ترجمه رامین آذربهراممسافری که با ستاره شمال آمد، ترجمه کاوه میرعباسیمشتری شنبه‌ها، ترجمه رامین آذربهراممردی از لندن (به مجاری: A Londoni férfi) فیلمی ساخته کارگردان مجارستانی بلا تار است که در سال 2007 به نمایش همگانی درآمد.The Man from London (1943),,فارسی,,ژرژ سیمنون,مصطفی حسینیون,,ندا هنگامی,شهناز دهکردی,رضا طاهری,نرگس موسی پور,اسماعیل بختیاری، محسن بهرامی، محمد آقامحمدی، محمودرضا قدیریان، امیر بختیاری، سعیده فرضی، صفا آقاجانی، ایوب آقامحمدی، مهدی نمینی مقدم، علی اصغر دریایی، نازنین مهیمنی، حمیدرضا هدایتی، مهرداد عشقیان، بهناز بستان دوست، افسانه محمدی، مسعود زنوزی راد، امیر فرحان نیا,قتل، Georges Simenon,رمان و داستان,,,http://player.iranseda.ir/picture?AttID=68961&s=c,https://player.iranseda.ir/book-player/?VALID=TRUE&g=71089&attid=68961,https://player.iranseda.ir/downloadfile/?attid=64624&q=11,"https://player.iranseda.ir/downloadfile/?attid=64599&q=11,https://player.iranseda.ir/downloadfile/?attid=64624&q=11,https://player.iranseda.ir/downloadfile/?attid=64617&q=11,https://player.iranseda.ir/downloadfile/?attid=64618&q=11,https://player.iranseda.ir/downloadfile/?attid=64619&q=11,https://player.iranseda.ir/downloadfile/?attid=64620&q=11,https://player.iranseda.ir/downloadfile/?attid=64621&q=11,https://player.iranseda.ir/downloadfile/?attid=64622&q=11,https://player.iranseda.ir/downloadfile/?attid=64623&q=11"
672175,سیانوژن درخشان,«سیانوژن درخشان / SPARKLING CYANIDE» داستان زن زیبایی است به نام «رزماری بارتن». شخصیت وی، ازدواجش، مسائل و روابطی که به گونه‌ها‌ی مختلف دارد و مرگش، رفته‌رفته به‌وسیله‌ی کسانی که وی را خوب می‌شناختند، مطرح و بازگو می‌گردد.,"درباره‌ی کتابرزماری مارلی، دختر زیبا و ساده‌لوحی‌ است که خواستگارهای زیادی دارد؛ او در شبِ تولدَش و در جشنی که جورج، خواستگارِ پروپاقرصَش برای او گرفته، به طرز مشکوکی جان می‌سپارد. دادگاه علت مرگ او را خودکشی تشخیص می‌دهد، اما جورج نامه‌های مرموزی دریافت می‌کند که حکایت از قتل رزماری دارند.جورج تحقیقاتش را شروع می‌کند و نقشه‌ای ترتیب می‌دهد تا آن جشنِ شوم را دوباره با همان افراد و در همان مکان برگزار کند. جورج هیچ‌کس را از نقشه‌اش مطلع نمی‌کند، اما پیش از اجرای آن، درست مثل رزماری قربانی می‌شود. حالا بازماندگان و پلیس باید راز دو قتل را کشف کنند.درباره‌ی نویسندهآگاتا کریستی (زاده‌ی 15 سپتامبر 1890 – درگذشته‌ی 12 ژانویه 1976) نویسنده‌ی انگلیسی داستان‌های جنایی و ادبیات کارآگاهی بود. کریستی اولین نویسنده‌ای است که کتاب‌هایش بیشترین ترجمه را به زبان‌های متعدد دنیا داشته است. پس از وی، ژول ورن و سپس شکسپیر قرار دارند.آگاتا کریستی در 12 ژانویه 1976 در 85 سالگی به مرگ طبیعی درگذشت. او با نام مستعار «مِری وستماکوت» (Mary Westmacott) داستان‌های عاشقانه و رومانتیک نیز نوشته‌ است، ولی شهرت اصلی‌اش به‌سبب نوشتن 66 رمان جنایی اوست. داستان‌های آگاتا کریستی، به‌ویژه آن دسته که درباره‌ی ماجراهای کارآگاه «هرکول پوآرو» یا «خانم مارپل» هستند، نه‌تنها لقب «ملکه‌ی جنایت» را برای او به ارمغان آورد؛ بلکه وی را به‌عنوان یکی از مهم‌ترین و مبتکرترین نویسندگانی که در راه توسعه و تکامل داستان‌های جنایی کوشیده‌اند، نیز معرفی و مطرح کرد.آگاتا کریستی در کتاب رکوردهای گینس مقام اول در میان پرفروش‌ترین نویسندگان کتاب و مقام دوم (بعد از ویلیام شکسپیر) در میان پرفروش‌ترین نویسندگان در هر زمینه‌ای را به خود اختصاص داده‌است.«تله موش» که یکی از آثار معروف اوست، اولین بار در 25 نوامبر 1952 در لندن (تئاتر آمباسادورها) به روی صحنه رفت و از آن تاریخ تاکنون همواره روی صحنه بوده‌است و از این نظر رکورددار است. این نمایش‌نامه تاکنون فقط در لندن بیش از دو هزار بار به روی صحنه رفته‌است.در سال 1955 آگاتا کریستی نخستین کسی بود که جایزه‌ی استاد اعظم را از مجمع معمایی‌نویسان آمریکا دریافت کرد. در همان سال نمایش‌نامه‌ی او به نام «شاهد پرونده» بهترین نمایش‌نامه‌ی برنده‌ی جایزه‌ی «ادگار» گردید.بیشتر کتاب‌ها و داستان‌های کوتاه او (و بعضی‌ها از آنها چندین بار) به فیلم درآمده‌اند که از آن میان می‌توان فیلم‌های «قتل در قطار سریع‌السیر شرق»، «مرگ در رودخانه‌‌ی نیل» و «قطار ساعت 4:50 پدینگتون» را نام برد. از نوشته‌های آگاتا کریستی بارها برای تهیه‌ی برنامه‌های رادیویی و تلویزیونی نیز استفاده شده‌است.*کتاب:Sparkling CyanideOriginally published: 1944Author: Agatha ChristieGenres: Mystery, crime fictionPages: 209 (first edition, hardcover)",,فارسی,,آگاتا کریستی,مریم صابونی,احمد لشینی,,مهرنوش محتشمی,مریم بلدی,,,ادبیات بریتانیا، ادبیات انگلستان، ادبیات جنایی، ادبیات پلیسی، رمان جنایی، رمان معمایی، رمان پلیسی، قتل، داستان پلیسی، داستان جنایی,رمان و داستان,,,http://player.iranseda.ir/picture?AttID=521972&s=c,https://player.iranseda.ir/book-player/?VALID=TRUE&g=672175&attid=521972,https://player.iranseda.ir/downloadfile/?attid=520810&q=11,"https://player.iranseda.ir/downloadfile/?attid=520063&q=11,https://player.iranseda.ir/downloadfile/?attid=520810&q=11,https://player.iranseda.ir/downloadfile/?attid=520064&q=11,https://player.iranseda.ir/downloadfile/?attid=520806&q=11,https://player.iranseda.ir/downloadfile/?attid=520066&q=11"
642130,آتش فشان طلا,این کتاب داستان حوادثی است که برای دو پسرعموی جویای طلا، یعنی «سامی اسکیم» و «بن رادل» روی می‌دهد.,درباره‌ی کتاب:عموی بن و اسکیم (پسر عموها) می‌میرد و زمین پر از طلایش در آلاسکا را برای برادرزاده‌ها به ارث می‌گذارد. پسرعموها طی سفری طولانی به آلاسکا می‌روند تا تکلیف زمین بزرگ و پرثروتشان را مشخص کنند. در کشتی با دو دخترعموی مهربان آشنا می‌شوند. بن با دیدن زمین‌ها وسوسه می‌شود از آنجا مقداری طلا استخراج کنند.درباره‌ی نویسنده:«ژول گابریل ورن»، معروف به «ژول ورن»، (به فرانسوی: Jules Gabriel Verne)، (1905-1828) نویسنده، شاعر و نمایش‌نامه‌‌‌نویس فرانسوی بود که بیشتر شهرتش را مدیون نگارش کتاب‌های ماجرایی‌اش است که دنیای داستان‌های علمی - تخیلی را دگرگون کرد. او دومین نویسنده‌ای است که کتاب‌هایش از سال 1979 تا کنون، بیشترین ترجمه را به زبان‌های گوناگون داشته‌است. پیش و پس از او، به‌ترتیب، آگاتا کریستی و شکسپیر جا دارند.در آغاز آثار ژول‌ ورن تنها در میان کودکان طرف‌دار داشت؛ تا آنکه منتقد و نویسنده‌ای به نام «مارسل موره» (1969–1887) چندین کتاب و رساله درباره‌ی ژول ورن نوشت و او را چنان‌که بود، به دنیا معرفی کرد. مارسل موره در دو کتابِ «ژول ورن بسیار شگفت‌انگیز» (1960) و «اکتشافات ژول ورن» (1963) او را به دنیا شناساند و از آن به بعد دوست‌داران ادب با نظر جدی‌تری به ژول ورن می‌نگرند.* کتاب:Gold VolcanoOriginally published: 1906Author: Jules VernePreceded by: The Lighthouse at the End of the WorldOriginal title: Le Volcan dor,,فارسی,,ژول ورن,مهتاب مرادی,همت مومیوند,میثم جزی,ویدا بابالو,میثم جزی,,,ادبیات فرانسه، رمان علمی تخیلی، داستان علمی تخیلی، سفر، طلا، جویندگان طلا، ارثیه، آلاسكا، كشتی، معدن,کتاب گویا,,,http://player.iranseda.ir/picture?AttID=497557&s=c,https://player.iranseda.ir/book-player/?VALID=TRUE&g=642130&attid=497557,https://player.iranseda.ir/downloadfile/?attid=497955&q=11,"https://player.iranseda.ir/downloadfile/?attid=497956&q=11,https://player.iranseda.ir/downloadfile/?attid=497955&q=11,https://player.iranseda.ir/downloadfile/?attid=497953&q=11,https://player.iranseda.ir/downloadfile/?attid=497954&q=11"
602906,مردی که دو بار مرد,این کتاب دومین داستان از مجموعه‌ی انجمن قتل پنج‌شنبه‌هاست.,"درباره‌ی کتابقهرمانان سالمند دهکده‌ی کوپرزجیس قصد دارند مدتی را در آرامش بگذرانند، اما یک اتفاق همه‌چیز را به هم می‌ریزد. یکی از دوستان سابق الیزابت، که مأمور مخفی بوده، از الیزابت درخواست کمک می‌کند. این مرد که چیزی درباره‌ی او نمی‌دانیم، به دزدی الماس‌هایی با ارزش 20میلیون دلار از یک جنایتکار متهم شده و حالا تحت‌تعقیب قاتلان حرفه‌ای است.  انجمن قتل پنجشنبه‌ها تصمیم دارد از دوست الیزابت محافظت و معمای دزدی را حل کند.درباره‌ی نویسندهریچارد آزمن، مجری، کمدین و نویسنده‌ی انگلیسی است. ریچارد آزمن، که در ایران به ریچارد عثمان نیز شناخته می‌شود، در سال 1970 متولد شده‌است. او تحصیل‌کرده‌ی علوم سیاسی و جامعه‌شناسی است. علاقه‌ی ریچارد آزمن در دوران مدرسه به تولید محتوا، به تولید برنامه‌های تلویزیونی به‌عنوان حرفه تبدیل شد. کتاب مردی که دوبار مرد، دنباله‌ی رمان انجمن قتل پنجشنبه‌هاست. ریچارد آزمن داستان کارآگاهان هفتادساله را از جایی که در انجمن قتل پنجشنبه‌ها تمام شده، دنبال می‌کند تا دوباره ما را به سفری در دنیای جنایت ببرد. یک داستان معمایی - جنایی و لذت‌بخش که اعضای این گروه در مرکز آن قرار دارند: الیزابت، مأمور سابق سازمان امنیت ملی بریتانیا (MI5)؛ ران، رهبر سابق اتحادیه‌ی کارگری؛ ابراهیم، روان‌پزشک بازنشسته‌ی مصری و جویس، یک پرستار بازنشسته.*کتاب:The Man Who Died TwiceOriginally published: September 16, 2021Author: Richard OsmanFollowed by: The Bullet That Missed: A Thursday Murder Club MysteryPreceded by: The Thursday Murder ClubGenres: Mystery, crime fiction, Cozy mystery, Humorous FictionPages: 464",,فارسی,,ریچارد آزمن,ناهید نوبری,بهرام سروری نژاد، شیرین سپه راد,میثم جزی,علیرضا فدایی,میثم جزی,,,الماس، بازرس، ازدواج، سرقت، كوكائین، تصادف، ادبیات انگلستان، ادبیات بریتانیا، رمان پلیسی، داستان جنایی، داستان پلیسی,رمان و داستان,,,http://player.iranseda.ir/picture?AttID=505531&s=c,https://player.iranseda.ir/book-player/?VALID=TRUE&g=602906&attid=505531,https://player.iranseda.ir/downloadfile/?attid=510574&q=11,"https://player.iranseda.ir/downloadfile/?attid=508814&q=11,https://player.iranseda.ir/downloadfile/?attid=510574&q=11,https://player.iranseda.ir/downloadfile/?attid=508815&q=11,https://player.iranseda.ir/downloadfile/?attid=508816&q=11,https://player.iranseda.ir/downloadfile/?attid=508817&q=11,https://player.iranseda.ir/downloadfile/?attid=508818&q=11,https://player.iranseda.ir/downloadfile/?attid=508819&q=11,https://player.iranseda.ir/downloadfile/?attid=508820&q=11,https://player.iranseda.ir/downloadfile/?attid=508821&q=11"
491137,خانه بچه ‏های خاصِ خانم پریگرین - جلد 1,این کتاب داستانی خیالی و تاریک است؛ داستان پسری که پس از حوادث وحشتناک خانوادگی، سرنخ‌هایی را دنبال می‌کند. سرانجام او از یک خانه‌‌‌‌ی دورافتاده، مخصوص کودکان، سر در می‌آورد.,"درباره‌ی کتابقصه‌ی کتاب درباره‌‌ی پسری به نام «جیک» است. پدربزرگ مرموز و ماجراجوی جیک همیشه قصه‌هایی عجیب برای نوه‌اش تعریف می‌کند. او که پیرمردی لهستانی است، در کودکی و در زمان جنگ‌جهانی دوم، مجبور شد به‌تنهایی از کشورش فرار کند و در نهایت از یتیم‌خانه‌ای در جزیره‌ای دورافتاده‌ در بریتانیا سر در آورد.درباره‌ی نویسنده«رنسام ریگز / Ransom Riggs» در سال 1979 در مریلند متولد شد. وی در کالج کنیون ادبیات انگلیسی خواند و در دانشگاه کالیفرنیای جنوبی تحصیلاتش را در زمینه‌ی فیلم ادامه داد.در سال 2013 با «طاهره مافی»، نویسنده‌‌‌ی ایرانی - آمریکایی، ازدواج کرد. محبوبیت وی بیشتر به‌سبب کتاب «خانه دوشیزه پرگرین برای بچه‌های عجیب» است.* کتابMiss Peregrines Home for Peculiar ChildrenOriginally published: June 7, 2011Author: Ransom RiggsPreceded by: Tales of the PeculiarGenres: Novel, Young adult fiction, Childrens literature, Fantasy Fiction, Horror fiction, Dark fantasyNominations: Goodreads Choice Awards Favorite Book, MORE* فیلم:Miss Peregrines Home for Peculiar ChildrenRelease date: September 29, 2016 (United Kingdom)Director: Tim BurtonAdapted from: Miss Peregrines Home for Peculiar ChildrenMusic by: Mike Higham; Matthew MargesonDistributed by: 20th Century Studios",,فارسی,,رنسام ریگز,مهشید دشتی,محمدرضا قلمبر,مریم بلدی,حدیث حسن پور,مریم حق نظری,,,یتیم خانه، عجیب، جنگ جهانی دوم، طبیعت، مردم شناسی، پدربزرگ، داستان، عكس، چراغ قوه، درخت، ماسك، دكتر، هیولا، تونل، جنگل، پلیس، بهشت,رمان و داستان,,,http://player.iranseda.ir/picture?AttID=430429&s=c,https://player.iranseda.ir/book-player/?VALID=TRUE&g=491137&attid=430429,https://player.iranseda.ir/downloadfile/?attid=381619&q=11,"https://player.iranseda.ir/downloadfile/?attid=379662&q=11,https://player.iranseda.ir/downloadfile/?attid=381619&q=11,https://player.iranseda.ir/downloadfile/?attid=381617&q=11,https://player.iranseda.ir/downloadfile/?attid=379664&q=11,https://player.iranseda.ir/downloadfile/?attid=379665&q=11,https://player.iranseda.ir/downloadfile/?attid=379666&q=11,https://player.iranseda.ir/downloadfile/?attid=381618&q=11,https://player.iranseda.ir/downloadfile/?attid=379668&q=11"
487976,خانه بچه های خاص خانم پریگرین - جلد 2,این کتاب داستانی خیالی و تاریک است؛ داستان پسری که پس از حوادث وحشتناک خانوادگی، سرنخ‌هایی را دنبال می‌کند. سرانجام او از یک خانه‌‌‌‌ی دورافتاده، مخصوص کودکان، سر در می‌آورد.,"درباره‌ی کتابقصه‌ی کتاب درباره‌‌ی پسری به نام «جیک» است. پدربزرگ مرموز و ماجراجوی جیک همیشه قصه‌هایی عجیب برای نوه‌اش تعریف می‌کند. او که پیرمردی لهستانی است، در کودکی و در زمان جنگ‌جهانی دوم، مجبور شد به‌تنهایی از کشورش فرار کند و در نهایت از یتیم‌خانه‌ای در جزیره‌ای دورافتاده‌ در بریتانیا سر در آورد.درباره‌ی نویسنده«رنسام ریگز / Ransom Riggs» در سال 1979 در مریلند متولد شد. وی در کالج کنیون ادبیات انگلیسی خواند و در دانشگاه کالیفرنیای جنوبی تحصیلاتش را در زمینه‌ی فیلم ادامه داد.در سال 2013 با «طاهره مافی»، نویسنده‌‌‌ی ایرانی - آمریکایی، ازدواج کرد. محبوبیت وی بیشتر به‌سبب کتاب «خانه دوشیزه پرگرین برای بچه‌های عجیب» است.* کتابMiss Peregrines Home for Peculiar ChildrenOriginally published: June 7, 2011Author: Ransom RiggsPreceded by: Tales of the PeculiarGenres: Novel, Young adult fiction, Childrens literature, Fantasy Fiction, Horror fiction, Dark fantasyNominations: Goodreads Choice Awards Favorite Book, MORE* فیلم:Miss Peregrines Home for Peculiar ChildrenRelease date: September 29, 2016 (United Kingdom)Director: Tim BurtonAdapted from: Miss Peregrines Home for Peculiar ChildrenMusic by: Mike Higham; Matthew MargesonDistributed by: 20th Century Studios",,فارسی,,رنسام ریگز,مهشید دشتی,محمدرضا قلمبر,پروین پوررشید,حدیث حسن پور,مریم حق نظری,,,یتیم خانه، عجیب، جنگ جهانی دوم، طبیعت، مردم شناسی، پدربزرگ، داستان، عكس، چراغ قوه، درخت، ماسك، دكتر، هیولا، تونل، جنگل، پلیس، بهشت، مرداب، خانه بچه های خاص خانم پریگرین,رمان و داستان,,,http://player.iranseda.ir/picture?AttID=382637&s=c,https://player.iranseda.ir/book-player/?VALID=TRUE&g=487976&attid=382637,https://player.iranseda.ir/downloadfile/?attid=384709&q=11,"https://player.iranseda.ir/downloadfile/?attid=382558&q=11,https://player.iranseda.ir/downloadfile/?attid=384709&q=11,https://player.iranseda.ir/downloadfile/?attid=382071&q=11,https://player.iranseda.ir/downloadfile/?attid=382072&q=11,https://player.iranseda.ir/downloadfile/?attid=382073&q=11,https://player.iranseda.ir/downloadfile/?attid=382074&q=11,https://player.iranseda.ir/downloadfile/?attid=382075&q=11"
546939,خانه بچه ‏های خاصِ خانم پریگرین - جلد 3,این کتاب داستانی خیالی و تاریک است؛ داستان پسری که پس از حوادث وحشتناک خانوادگی، سرنخ‌هایی را دنبال می‌کند. سرانجام او از یک خانه‌‌‌‌ی دورافتاده، مخصوص کودکان، سر در می‌آورد.,"درباره‌ی کتابقصه‌ی کتاب درباره‌‌ی پسری به نام «جیک» است. پدربزرگ مرموز و ماجراجوی جیک همیشه قصه‌هایی عجیب برای نوه‌اش تعریف می‌کند. او که پیرمردی لهستانی است، در کودکی و در زمان جنگ‌جهانی دوم، مجبور شد به‌تنهایی از کشورش فرار کند و درنهایت از یتیم‌خانه‌ای در جزیره‌ای دورافتاده‌ در بریتانیا سر در آورد.درباره‌ی نویسنده«رنسام ریگز / Ransom Riggs» در سال 1979 در مریلند متولد شد. وی در کالج کنیون، ادبیات انگلیسی خواند و در دانشگاه کالیفرنیای جنوبی تحصیلاتش را در زمینه‌ی فیلم ادامه داد.در سال 2013 با «طاهره مافی»، نویسنده‌‌‌ی ایرانی - آمریکایی، ازدواج کرد. محبوبیت وی بیشتر به‌سبب کتاب «خانه دوشیزه پرگرین برای بچه‌های عجیب» است.* کتابMiss Peregrines Home for Peculiar ChildrenOriginally published: June 7, 2011Author: Ransom RiggsPreceded by: Tales of the PeculiarGenres: Novel, Young adult fiction, Childrens literature, Fantasy Fiction, Horror fiction, Dark fantasyNominations: Goodreads Choice Awards Favorite Book, MORE* فیلم:Miss Peregrines Home for Peculiar ChildrenRelease date: September 29, 2016 (United Kingdom)Director: Tim BurtonAdapted from: Miss Peregrines Home for Peculiar ChildrenMusic by: Mike Higham; Matthew MargesonDistributed by: 20th Century Studios",,فارسی,,رنسام ریگز,مهشید دشتی,محمدرضا قلمبر,,حدیث حسن پور,میثم جزی,,,یتیم خانه، عجیب، جنگ جهانی دوم، طبیعت، مردم شناسی، پدربزرگ، داستان، عكس، دكتر، هیولا، جنگل، ادبیات انگلیسی، ادبیات آمریكا، شگفتی,رمان و داستان,,,http://player.iranseda.ir/picture?AttID=424351&s=c,https://player.iranseda.ir/book-player/?VALID=TRUE&g=546939&attid=424351,https://player.iranseda.ir/downloadfile/?attid=423977&q=11,"https://player.iranseda.ir/downloadfile/?attid=424511&q=11,https://player.iranseda.ir/downloadfile/?attid=423977&q=11,https://player.iranseda.ir/downloadfile/?attid=421380&q=11,https://player.iranseda.ir/downloadfile/?attid=421381&q=11,https://player.iranseda.ir/downloadfile/?attid=421382&q=11,https://player.iranseda.ir/downloadfile/?attid=421384&q=11"
546940,خانه بچه ‏های خاصِ خانم پریگرین - جلد 4,این کتاب داستانی خیالی و تاریک است؛ داستان پسری که پس از حوادث وحشتناک خانوادگی، سرنخ‌هایی را دنبال می‌کند. سرانجام او از یک خانه‌‌‌‌ی دورافتاده، مخصوص کودکان، سر در می‌آورد.,"درباره‌ی کتابقصه‌ی کتاب درباره‌‌ی پسری به نام «جیک» است. پدربزرگ مرموز و ماجراجوی جیک همیشه قصه‌هایی عجیب برای نوه‌اش تعریف می‌کند. او که پیرمردی لهستانی است، در کودکی و در زمان جنگ‌جهانی دوم، مجبور شد به‌تنهایی از کشورش فرار کند و در نهایت از یتیم‌خانه‌ای در جزیره‌ای دورافتاده‌ در بریتانیا سر در آورد.درباره‌ی نویسنده«رنسام ریگز / Ransom Riggs» در سال 1979 در مریلند متولد شد. وی در کالج کنیون ادبیات انگلیسی خواند و در دانشگاه کالیفرنیای جنوبی تحصیلاتش را در زمینه‌ی فیلم ادامه داد.در سال 2013 با «طاهره مافی»، نویسنده‌‌‌ی ایرانی - آمریکایی، ازدواج کرد. محبوبیت وی بیشتر به‌سبب کتاب «خانه دوشیزه پرگرین برای بچه‌های عجیب» است.* کتابMiss Peregrines Home for Peculiar ChildrenOriginally published: June 7, 2011Author: Ransom RiggsPreceded by: Tales of the PeculiarGenres: Novel, Young adult fiction, Childrens literature, Fantasy Fiction, Horror fiction, Dark fantasyNominations: Goodreads Choice Awards Favorite Book, MORE* فیلم:Miss Peregrines Home for Peculiar ChildrenRelease date: September 29, 2016 (United Kingdom)Director: Tim BurtonAdapted from: Miss Peregrines Home for Peculiar ChildrenMusic by: Mike Higham; Matthew MargesonDistributed by: 20th Century Studios",,فارسی,,رنسام ریگز,مهشید دشتی,محمدرضا قلمبر,,حدیث حسن پور,میثم جزی,,,یتیم خانه، عجیب، جنگ جهانی دوم، طبیعت، مردم شناسی، پدربزرگ، داستان، عكس، دكتر، هیولا، جنگل، ادبیات انگلیسی، ادبیات آمریكا,رمان و داستان,,,http://player.iranseda.ir/picture?AttID=424353&s=c,https://player.iranseda.ir/book-player/?VALID=TRUE&g=546940&attid=424353,https://player.iranseda.ir/downloadfile/?attid=425996&q=11,"https://player.iranseda.ir/downloadfile/?attid=425360&q=11,https://player.iranseda.ir/downloadfile/?attid=425996&q=11,https://player.iranseda.ir/downloadfile/?attid=423827&q=11,https://player.iranseda.ir/downloadfile/?attid=421183&q=11,https://player.iranseda.ir/downloadfile/?attid=421184&q=11,https://player.iranseda.ir/downloadfile/?attid=421185&q=11,https://player.iranseda.ir/downloadfile/?attid=421187&q=11"
557535,خانه بچه ‏های خاصِ خانم پریگرین - جلد 5,این کتاب داستانی خیالی و تاریک است؛ داستان پسری که پس از حوادث وحشتناک خانوادگی، سرنخ‌هایی را دنبال می‌کند. سرانجام او از یک خانه‌‌‌‌ی دورافتاده، مخصوص کودکان، سر در می‌آورد.,"درباره‌ی کتابقصه‌ی کتاب درباره‌‌ی پسری به نام «جیک» است. پدربزرگ مرموز و ماجراجوی جیک همیشه قصه‌هایی عجیب برای نوه‌اش تعریف می‌کند. او که پیرمردی لهستانی است، در کودکی و در زمان جنگ‌جهانی دوم، مجبور شد به‌تنهایی از کشورش فرار کند و درنهایت از یتیم‌خانه‌ای در جزیره‌ای دورافتاده‌ در بریتانیا سر در آورد.درباره‌ی نویسنده«رنسام ریگز / Ransom Riggs» در سال 1979 در مریلند متولد شد. وی در کالج کنیون ادبیات انگلیسی خواند و در دانشگاه کالیفرنیای جنوبی تحصیلاتش را در زمینه‌ی فیلم ادامه داد.در سال 2013 با «طاهره مافی»، نویسنده‌‌‌ی ایرانی - آمریکایی، ازدواج کرد. محبوبیت وی بیشتر به‌سبب کتاب «خانه دوشیزه پرگرین برای بچه‌های عجیب» است.* کتابMiss Peregrines Home for Peculiar ChildrenOriginally published: June 7, 2011Author: Ransom RiggsPreceded by: Tales of the PeculiarGenres: Novel, Young adult fiction, Childrens literature, Fantasy Fiction, Horror fiction, Dark fantasyNominations: Goodreads Choice Awards Favorite Book, MORE* فیلم:Miss Peregrines Home for Peculiar ChildrenRelease date: September 29, 2016 (United Kingdom)Director: Tim BurtonAdapted from: Miss Peregrines Home for Peculiar ChildrenMusic by: Mike Higham; Matthew MargesonDistributed by: 20th Century Studios",,فارسی,,رنسام ریگز,,محمدرضا قلمبر,,حدیث حسن پور,مریم بلدی,,,یتیم خانه، عجیب، جنگ جهانی دوم، طبیعت، مردم شناسی، پدربزرگ، داستان، عكس، دكتر، هیولا، جنگل، ادبیات انگلیسی، ادبیات آمریكا,رمان و داستان,,,http://player.iranseda.ir/picture?AttID=428865&s=c,https://player.iranseda.ir/book-player/?VALID=TRUE&g=557535&attid=428865,https://player.iranseda.ir/downloadfile/?attid=428804&q=11,"https://player.iranseda.ir/downloadfile/?attid=428471&q=11,https://player.iranseda.ir/downloadfile/?attid=428804&q=11,https://player.iranseda.ir/downloadfile/?attid=428475&q=11,https://player.iranseda.ir/downloadfile/?attid=428473&q=11,https://player.iranseda.ir/downloadfile/?attid=428474&q=11,https://player.iranseda.ir/downloadfile/?attid=428476&q=11,https://player.iranseda.ir/downloadfile/?attid=428477&q=11,https://player.iranseda.ir/downloadfile/?attid=428479&q=11"
563518,خانه بچه های خاص خانم پریگرین - جلد 6,این کتاب داستانی خیالی و تاریک است؛ داستان پسری که پس از حوادث وحشتناک خانوادگی، سرنخ‌هایی را دنبال می‌کند. سرانجام او از یک خانه‌‌‌‌ی دورافتاده، مخصوص کودکان، سر در می‌آورد.,"درباره‌ی کتابقصه‌ی کتاب درباره‌‌ی پسری به نام «جیک» است. پدربزرگ مرموز و ماجراجوی جیک همیشه قصه‌هایی عجیب برای نوه‌اش تعریف می‌کند. او که پیرمردی لهستانی است، در کودکی و در زمان جنگ‌جهانی دوم، مجبور شد به‌تنهایی از کشورش فرار کند و سرانجام از یتیم‌خانه‌ای در جزیره‌ای دورافتاده‌ در بریتانیا سر در آورد.درباره‌ی نویسنده«رنسام ریگز / Ransom Riggs» در سال 1979 در مریلند متولد شد. وی در کالج کنیون ادبیات انگلیسی خواند و در دانشگاه کالیفرنیای جنوبی تحصیلاتش را در زمینه‌ی فیلم ادامه داد.در سال 2013 با «طاهره مافی»، نویسنده‌‌‌ی ایرانی - آمریکایی، ازدواج کرد. محبوبیت وی بیشتر به‌سبب کتاب «خانه دوشیزه پرگرین برای بچه‌های عجیب» است.* کتابMiss Peregrines Home for Peculiar ChildrenOriginally published: June 7, 2011Author: Ransom RiggsPreceded by: Tales of the PeculiarGenres: Novel, Young adult fiction, Childrens literature, Fantasy Fiction, Horror fiction, Dark fantasyNominations: Goodreads Choice Awards Favorite Book, MORE* فیلم:Miss Peregrines Home for Peculiar ChildrenRelease date: September 29, 2016 (United Kingdom)Director: Tim BurtonAdapted from: Miss Peregrines Home for Peculiar ChildrenMusic by: Mike Higham; Matthew MargesonDistributed by: 20th Century Studios",,فارسی,,رنسام ریگز,مهشید دشتی,محمدرضا قلمبر,,حدیث حسن پور,میثم جزی,,,یتیم خانه، جنگ جهانی دوم، ادبیات آمریكا، ادبیات كودك، ادبیات نوجوان، عكس، هیولا، جنگل، مرداب,رمان و داستان,,,http://player.iranseda.ir/picture?AttID=433022&s=c,https://player.iranseda.ir/book-player/?VALID=TRUE&g=563518&attid=433022,https://player.iranseda.ir/downloadfile/?attid=436127&q=11,"https://player.iranseda.ir/downloadfile/?attid=435933&q=11,https://player.iranseda.ir/downloadfile/?attid=436127&q=11,https://player.iranseda.ir/downloadfile/?attid=435934&q=11,https://player.iranseda.ir/downloadfile/?attid=435935&q=11,https://player.iranseda.ir/downloadfile/?attid=435936&q=11,https://player.iranseda.ir/downloadfile/?attid=435937&q=11,https://player.iranseda.ir/downloadfile/?attid=436115&q=11"
232533,مرگ ایوان ایلیچ,خبر مرگ ایوان ایلیچ، قاضی صاحب منصب روسی، آغاز این داستان است؛ اما چالش اصلی از شروع بیماری لاعلاج ایوان آغاز می شود. بیماری‌ای که او را به سمت مرگ سوق می دهد؛ مرگی که حقیقت زندگی است و ...,همه ی اطرافیان ریاکار ایوان ایلیچ، پس از شنیدن خبر مرگ او، تنها به فکر گرفتن صندلی خالی ایوان بودند و خوشحال از اینکه هنوز زنده‌اند و این ایوان است که مرده، نه آنها!ایوان طوری به زندگی چسبیده بود که انگار هیچ وقت قرار نیست بمیرد. اما چه شد که ایوان به بستر مرگ افتاد؟ آن هم در شرایطی که گمان می‌کرد برای سالها زنده است و برای آینده و پیشرفتهای شغلی اش، برنامه ها داشت!*مرگ ایوان ایلیچ (روسی: Смерть Ивана Ильича، Смерт Ivána Ilyichá)، اولین بار در سال 1886 منتشر شد، و یکی از شاهکارهای داستان دیرین او است، که مدت کوتاهی پس از تحولات مذهبی او در  اواخر دهه 1870 نوشته شد.*کتاب:The Death of Ivan Ilyich(1886)فیلم:A Simple Death (1985)Ivans Xtc (2000)Ikiru (1952),,فارسی,,لئو تولستوی,مهسا شیروانی,اكبر زنجان پور,,مهرنوش محتشمی,,,,چهره ها، Leo Tolstoy، داستان كوتاه تولستوی، ایوان ایلیچ، روسیه، قاضی,رمان و داستان,,,http://player.iranseda.ir/picture?AttID=184205&s=c,https://player.iranseda.ir/book-player/?VALID=TRUE&g=232533&attid=184205,https://player.iranseda.ir/downloadfile/?attid=186046&q=11,"https://player.iranseda.ir/downloadfile/?attid=183956&q=11,https://player.iranseda.ir/downloadfile/?attid=186046&q=11,https://player.iranseda.ir/downloadfile/?attid=186047&q=11,https://player.iranseda.ir/downloadfile/?attid=183750&q=11,https://player.iranseda.ir/downloadfile/?attid=183751&q=11,https://player.iranseda.ir/downloadfile/?attid=186045&q=11"
523783,اشندن,این کتاب روایت زندگی مأموری مخفی به‌ نام اشندن است؛ نویسنده‌ای که به‌‌واسطه‌ی شغلش برای انجام مأموریت‌های اطلاعاتی انتخاب شده و پرونده‌های مختلفی را دنبال می‌کند.,درباره‌ی کتابکتاب اشندن (مأمور انگلیسی) که در ایران به «پشت‌صحنه» نیز ترجمه شده‌است، اثری نوشته‌ی ویلیام سامرست موآم است که اولین بار در سال 1928 انتشار یافت. داستان این کتاب براساس تجربه‌های موآم در سازمان اطلاعات بریتانیا درخلال جنگ‌‌جهانی اول به وجود آمده‌است. جان اشندن یکی از جاسوسان سازمان اطلاعات بریتانیاست که ابتدا به ژنو و سپس به ایتالیا فرستاده می‌شود.ویلیام سامرست موآم، به‌جای روایتی واحد و رمان‌گونه، داستان‌هایی مستقل و در عین حال مرتبط را در هر فصل گنجانده که در هرکدام از آنها شخصیت‌های متفاوت و متعددی به چشم می‌خورند. همه‌‌ی افرادی که درطول سفرهای اشندن با او آشنا می‌شوند، دلیل مختص به خود را برای حضور در بازی جاسوسی دارند و هرکدام بسیار پیچیده‌تر از چیزی هستند که درابتدا نشان می‌دهند.درباره‌ی نویسندهسامرست موآم، نویسنده و نمایش‌‌نامه‌نویسِ مشهورِ انگلیسی، در سال 1874 به دنیا آمد و در 1965 از دنیا رفت. وی از پرکارترین نویسنده‌های قرن بیستمِ انگلستان بود و آثاری چون حاصل عمر، یادداشت‌های نویسنده، لبه‌ی تیغ و بادبادک را به رشته‌ی تحریر درآورد.او در شروعِ جنگ، در سال 1914، به‌‌واسطه‌ی شغلش و تسلط به چند زبان، به عضویتِ سازمانِ اطلاعاتِ انگلستان درآمد؛ نویسندگی بهترین سرپوش برای کسبِ اطلاعات بود.کتاب اشندن که در ایران با نامِ «پشت‌صحنه» هم چاپ شده، روایتِ موآم از تجاربِ شخصی‌اش به‌عنوان مأمور اطلاعات است. داستان‌های این مجموعه به‌شکلی ظریف و طنازانه روایت شده‌است و ارتباطی بینِ آنها وجود دارد.* کتاب:Ashenden: Or the British AgentOriginally published: 1928Author: William Somerset Maugham,,فارسی,,ویلیام سامرست موآم,مریم صابونی,علیرضا علیشاهی,مریم بلدی,حدیث حسن پور,حسین قاسمی,,,مأمور انگلیسی، پشت صحنه، مأمور مخفی، ادبیات انگلستان، داستان جاسوسی، داستان معمایی، داستان پلیسی، سازمان اطلاعات بریتانیا، جنگ جهانی اول,رمان و داستان,,,http://player.iranseda.ir/picture?AttID=406512&s=c,https://player.iranseda.ir/book-player/?VALID=TRUE&g=523783&attid=406512,https://player.iranseda.ir/downloadfile/?attid=415111&q=11,"https://player.iranseda.ir/downloadfile/?attid=414464&q=11,https://player.iranseda.ir/downloadfile/?attid=415111&q=11,https://player.iranseda.ir/downloadfile/?attid=414469&q=11,https://player.iranseda.ir/downloadfile/?attid=414470&q=11,https://player.iranseda.ir/downloadfile/?attid=415110&q=11,https://player.iranseda.ir/downloadfile/?attid=414472&q=11,https://player.iranseda.ir/downloadfile/?attid=414480&q=11"
461503,دو خواهر,این کتاب گویا داستان دختری نوجوان را روایت می‌کند که پس از گذراندن مدتی در یک آسایشگاه روانی، نزد پدر، مادر ناتنی و خواهرش بازمی‌گردد.,دو خواهر به نام‌های «سو-می» و «سو-یئون» ظاهراً پس از مدتی به خانه‌‌ی پدری خود بازمی‌گردند و همراه با پدر و نامادری‌شان زندگی جدیدی را آغاز می‌کنند. اما همه‌چیز از ابتدا میان خواهر بزرگ‌تر، سو-می، و نامادری‌اش، ایون-جو، پرتنش پیش می‌رود. رابطه‌ای مشکوک که اعتماد در آن جایی نداشته و پرخطر هم به‌نظر می‌رسد. با جلورفتن داستان، هم‌زمان متوجه دلیل تنش‌های رابطه‌ی این دو شخصیت و مراقبت بیش از حد سو-می از خواهرش می‌شویم.*فیلم:(2003)A Tale of Two Sisters,,فارسی,,کیم جی وون,مریم تاجیك,,آشا محرابی,فرشاد آذرنیا,محمدرضا محتشمی,نازنین حسن پور,مجتبی طباطبایی، سیما خوش چشم، علی اصغر دریایی، مروارید كریم پور، شهین دخت نجف زاده، نورالدین جوادیان، شمسی صادقی، ماندانا محسنی,فیلمنامه، آسایشگاه روانی، نامادری‌اش، رابطه‌ای مشكوك، مشكلات روانی,رمان و داستان,,,https://player.iranseda.ir/picture?AttID=387390&s=c,https://player.iranseda.ir/book-player/?VALID=TRUE&g=461503&attid=387390,https://player.iranseda.ir/downloadfile/?attid=389099&q=11,"https://player.iranseda.ir/downloadfile/?attid=389102&q=11,https://player.iranseda.ir/downloadfile/?attid=389099&q=11,https://player.iranseda.ir/downloadfile/?attid=389100&q=11,https://player.iranseda.ir/downloadfile/?attid=389101&q=11"
